,Nuclide,half_life,unit,Type,f_1,dcf_1muAMAD,dcf_5muAMAD,f1_ing,dcf_ingestion
0,Mg-27,9.462, m,F,0.5,7.7e-12,1.3e-11,0.5,2.1e-11
1,Mg-27,9.462, m,M,0.5,1.1e-11,1.8e-11,,
2,Al-28,2.2414, m,F,0.01,3.2e-12,5.3e-12,0.01,9.9e-12
3,Al-28,2.2414, m,M,0.01,3.6e-12,6e-12,,
4,Al-29,6.56, m,F,0.01,6.9e-12,1.2e-11,0.01,2.1e-11
5,Al-29,6.56, m,M,0.01,9.1e-12,1.5e-11,,
6,P-30,2.498, m,F,0.8,3.4e-12,5.5e-12,0.8,1.2e-11
7,P-30,2.498, m,M,0.8,3.9e-12,6.3e-12,,
8,P-30,2.498, m,S,0.8,3.9e-12,6.4e-12,,
9,S-37_inorg,5.05, m,F,0.8,6.4e-12,1.1e-11,0.8,1.6e-11
10,S-37_inorg,5.05, m,M,0.8,7.9e-12,1.4e-11,0.1,1.6e-11
11,S-38_inorg,170.3, m,F,0.8,1.4e-10,2.4e-10,0.8,4.3e-10
12,S-38_inorg,170.3, m,M,0.8,2.5e-10,3.6e-10,0.1,6.4e-10
13,Cl-34m,32.00, m,F,1.0,2.9e-11,5.1e-11,1.0,1e-10
14,Cl-34m,32.00, m,M,1.0,4.6e-11,7.5e-11,1.0,
15,Cl-40,1.35, m,F,1.0,2.6e-12,4.4e-12,1.0,8.5e-12
16,Cl-40,1.35, m,M,1.0,2.8e-12,4.8e-12,,
17,K-38,7.636, m,F,1.0,1e-11,1.8e-11,1.0,3.3e-11
18,Ca-49,8.718, m,M,0.3,1.8e-11,3e-11,0.3,3.9e-11
19,Ti-51,5.76, m,F,0.01,5.1e-12,8.5e-12,0.01,1.5e-11
20,Ti-51,5.76, m,M,0.01,6.8e-12,1.1e-11,,
21,Ti-51,5.76, m,S,0.01,6.9e-12,1.1e-11,,
22,V-50,15.7, y,F,0.01,8.4e-08,9.9e-08,0.01,4.2e-09
23,V-50,15.7, y,M,0.01,3.5e-08,2.5e-08,,
24,V-52,3.743, m,F,0.01,4.6e-12,7.7e-12,0.01,1.4e-11
25,V-52,3.743, m,M,0.01,5.6e-12,9.3e-12,,
26,V-53,1.61, m,F,0.01,2.1e-12,3.5e-12,0.01,5.7e-12
27,V-53,1.61, m,M,0.01,2.3e-12,3.9e-12,,
28,Cr-55,3.497, m,F,0.1,3.4e-12,5.6e-12,0.1,1.2e-11
29,Cr-55,3.497, m,M,0.1,4.2e-12,6.8e-12,0.01,1.2e-11
30,Cr-55,3.497, m,S,0.1,4.3e-12,6.9e-12,,
31,Cr-56,5.94, m,F,0.1,7.3e-12,1.3e-11,0.1,2.1e-11
32,Cr-56,5.94, m,M,0.1,1.1e-11,1.8e-11,0.01,2.1e-11
33,Cr-56,5.94, m,S,0.1,1.1e-11,1.8e-11,,
34,Mn-57,1.42333, m,F,0.1,1.6e-12,2.7e-12,0.1,5.1e-12
35,Mn-57,1.42333, m,M,0.1,1.8e-12,3e-12,,
36,Mn-58m,1.08666, m,F,0.1,1.9e-12,3.2e-12,0.1,7e-12
37,Mn-58m,1.08666, m,M,0.1,2.1e-12,3.4e-12,,
38,Fe-53,8.51, m,F,0.1,8.6e-12,1.4e-11,0.1,3e-11
39,Fe-53,8.51, m,M,0.1,1.2e-11,1.9e-11,,
40,Co-62,1.50, m,M,0.1,2.5e-12,4.1e-12,0.1,8.6e-12
41,Co-62,1.50, m,S,0.05,2.5e-12,4.2e-12,0.05,8.6e-12
42,Cu-62,9.74, m,F,0.5,9.5e-12,1.6e-11,0.5,3.7e-11
43,Cu-62,9.74, m,M,0.5,1.3e-11,2.2e-11,,
44,S,0.5,1.4E-11,2.3E-11  ,,,,,
45,Cu-66,5.088,m,F,0.5,4.6e-12,7.5e-12,0.5,1.6e-11
46,M,0.5,6.0E-12,9.8E-12  ,,,,,
47,S,0.5,6.2E-12,1.0E-11  ,,,,,
48,As-68,2.52666,m,M,0.5,5.9e-12,9.6e-12,0.5,1.9e-11
49,As-79,9.01,m,M,0.5,1.3e-11,2.1e-11,0.5,2.4e-11
50,Se-71,4.74,m,F,0.8,6.4e-12,1.1e-11,0.8,2.3e-11
51,M,0.8,8.2E-12,1.3E-11,0.05,2.3e-11,,,
52,Se-72,8.40,d,F,0.8,2e-09,2.8e-09,0.8,5.1e-09
53,M,0.8,3.6E-09,3.9E-09,0.05,2.6e-09,,,
54,Se-79m,3.92,m,F,0.8,1.9e-11,3.2e-11,0.8,1e-11
55,M,0.8,2.4E-11,4.0E-11,0.05,1e-11,,,
56,Br-77m,4.28,m,F,1.0,2.6e-11,4.3e-11,1.0,1.3e-11
57,M,1,3.3E-11,5.5E-11  ,,,,,
58,Br-78,6.46,m,F,1.0,6.4e-12,1.1e-11,1.0,2.1e-11
59,M,1,8.4E-12,1.4E-11  ,,,,,
60,Br-82m,6.13,m,F,1.0,1.5e-11,2.4e-11,1.0,2.8e-11
61,M,1,2.3E-11,3.3E-11  ,,,,,
62,Br-84m,6.0,m,F,1.0,7.9e-11,1.4e-11,1.0,2.1e-11
63,M,1,1.0E-11,1.7E-11  ,,,,,
64,Rb-77,3.77,m,F,1.0,6.9e-11,1.1e-11,1.0,2.6e-11
65,Rb-78,17.66,m,F,1.0,2.1e-11,3.7e-11,1.0,7e-11
66,Rb-82,1.273,m,F,1.0,1.8e-11,2.9e-12,1.0,6.3e-11
67,Rb-84m,20.26,m,F,1.0,5.1e-11,8.9e-12,1.0,7.1e-11
68,Rb-86m,1.01,m,F,1.0,1.9e-11,3e-11,1.0,3.3e-11
69,Rb-90,2.63333,m,F,1.0,4.2e-12,6.8e-11,1.0,1.8e-11
70,Rb-90m,4.3,m,F,1.0,6.9e-11,6.9e-11,1.0,2.3e-11
71,Y-83,7.08,m,M,0.0001,1.2e-11,2e-11,0.0001,3.2e-11
72,S,0.0001,1.2E-11,2.0E-11  ,,,,,
73,Y-83m,2.85,m,M,0.0001,5.2e-11,8.4e-12,0.0001,1.4e-11
74,S,0.0001,5.3E-11,8.6E-12  ,,,,,
75,Y-84m,40,m,M,0.0001,6e-11,1e-11,0.0001,1.2e-10
76,S,0.0001,6.2E-11,1.0E-11  ,,,,,
77,Y-85,2.68,h,M,0.0001,9.5e-11,1.5e-10,0.0001,1.9e-10
78,S,0.0001,9.9E-11,1.6E-10  ,,,,,
79,Y-85m,4.86,h,M,0.0001,1.7e-10,2.6e-11,0.0001,3.8e-11
80,S,0.0001,1.8E-11,2.7E-11  ,,,,,
81,Y-87m,13.37,h,M,0.0001,1.4e-10,1.9e-10,0.0001,2.2e-10
82,S,0.0001,1.1E-10,2.0E-10  ,,,,,
83,Zr-85,7.86,m,F,0.002,1.1e-11,1.9e-11,0.002,4.3e-11
84,M,0.002,1.6E-11,2.6E-11  ,,,,,
85,S,0.002,1.7E-11,2.7E-11  ,,,,,
86,Zr-87,1.68,h,F,0.002,4.7e-11,8.3e-11,0.002,2e-10
87,M,0.002,9.0E-11,1.4E-10  ,,,,,
88,S,0.002,9.5E-11,1.1E-10  ,,,,,
89,Zr-89m,4.18,m,F,0.002,1e-11,1.8e-11,0.002,1.9e-12
90,M,0.002,1.0E-12,2.2E-12  ,,,,,
91,S,0.002,1.0E-12,2.2E-11  ,,,,,
92,Nb-88m,7.8,m,M,0.01,1.7e-11,2.8e-11,0.01,4.2e-11
93,S,0.01,1.7E-11,2.8E-11  ,,,,,
94,Nb-91,6.8E+2,y,M,0.01,2.8e-10,1.9e-10,0.01,4.6e-11
95,S,0.01,1.7E-09,1.0E-09  ,,,,,
96,Nb-91m,60.86,d,M,0.01,3.2e-09,2.8e-09,0.01,4.1e-10
97,S,0.01,3.9E-09,3.4E-09  ,,,,,
98,Nb-92,3.47E+7,y,M,0.01,5e-09,3.4e-09,0.01,1e-09
99,S,0.01,2.5E-08,1.5E-08  ,,,,,
100,Nb-92m,10.15,d,M,0.01,4.3e-11,5.4e-10,0.01,5e-11
101,S,0.01,4.4E-11,5.4E-10  ,,,,,
102,Nb-94m,6.26,m,M,0.01,3e-11,4.7e-11,0.01,7.1e-13
103,S,0.01,3.4E-11,4.8E-11  ,,,,,
104,Mo-91,15.49,m,F,0.8,1.4e-11,2.3e-11,0.8,6e-11
105,S,0.05,2.2E-11,3.5E-11,0.05,6.1e-11,,,
106,Mo-102,11.3,m,F,0.8,1.6e-11,2.7e-11,0.8,6.9e-11
107,S,0.05,2.6E-11,4.2E-11,0.05,6.9e-11,,,
108,Tc-102m,4.35,m,F,0.8,5.9e-12,1e-11,0.8,1.4e-11
109,M,0.8,7.1E-11,1.2E-11  ,,,,,
110,Ru-95,1.643,h,F,0.05,2.8e-11,5.3e-11,0.05,6.3e-11
111,M,0.05,3.8E-11,6.6E-11  ,,,,,
112,S,0.05,3.9E-11,6.7E-11  ,,,,,
113,Rh-97,30.7,m,F,0.05,1.6e-11,2.8e-11,0.05,4.9e-11
114,M,0.05,2.4E-11,4.0E-11  ,,,,,
115,S,0.05,2.5E-11,4.2E-11  ,,,,,
116,Rh-97m,46.2,m,F,0.05,2e-11,3.7e-11,0.05,4.8e-11
117,M,0.05,2.8E-11,4.9E-11  ,,,,,
118,S,0.05,2.9E-11,5.0E-11  ,,,,,
119,Rh-98,8.7,m,F,0.05,9.9e-11,1.7e-11,0.05,3.7e-11
120,M,0.05,1.3E-11,2.2E-11  ,,,,,
121,S,0.05,1.4E-11,2.3E-11  ,,,,,
122,Rh-100m,4.6,m,F,0.05,2e-11,3e-12,0.05,5e-12
123,M,0.05,2.5E-12,4.0E-12  ,,,,,
124,S,0.05,2.6E-11,4.1E-11  ,,,,,
125,Pd-98,17.7,m,F,0.005,1.7e-11,3e-11,0.005,6.3e-11
126,M,0.005,2.8E-11,4.6E-11  ,,,,,
127,S,0.005,2.9E-11,4.7E-11  ,,,,,
128,Pd-99,21.4,m,F,0.005,1.3e-11,2.3e-11,0.005,3.6e-11
129,M,0.005,2.0E-11,3.0E-11  ,,,,,
130,S,0.005,2.0E-11,3.4E-11  ,,,,,
131,Pd-109m,4.69,m,F,0.005,2.8e-11,4.9e-12,0.005,4.5e-11
132,M,0.005,4.8E-11,7.4E-11  ,,,,,
133,S,0.005,5.0E-11,7.7E-11  ,,,,,
134,Pd-111,23.4,m,F,0.005,1.3e-11,2.1e-11,0.005,5e-11
135,M,0.005,2.5E-11,3.0E-11  ,,,,,
136,S,0.005,2.7E-11,3.9E-11  ,,,,,
137,Pd-112,21.03,h,F,0.005,5.2e-10,8.2e-10,0.005,2.6e-09
138,M,0.005,1.1E-09,1.4E-09  ,,,,,
139,S,0.005,1.1E-09,1.5E-09  ,,,,,
140,Ag-101,11.1,m,F,0.05,1e-11,1.8e-11,0.05,3.2e-11
141,M,0.05,1.4E-1,1,2.4e-11,,,,
142,S,0.05,1.5E-1,1,2.4e-11,,,,
143,Ag-105m,7.23,m,F,0.05,1.2e-13,1.7e-13,0.05,5.8e-13
144,M,0.05,1.6E-13,1.8E-13  ,,,,,
145,S,0.05,1.7E-13,1.9E-13  ,,,,,
146,Ag-108,2.37,m,F,0.05,2.2e-12,3e-12,0.05,4.6e-12
147,M,0.05,2.6E-12,4.4E-12  ,,,,,
148,S,0.05,2.6E-12,4.4E-12  ,,,,,
149,Ag-110m,1.08,m,F,0.05,1.5e-13,1.9e-13,0.05,3e-13
150,M,0.05,2.7E-13,2.9E-13  ,,,,,
151,S,0.05,2.8E-13,3.1E-13  ,,,,,
152,Ag-113,5.37,h,F,0.05,6.8e-11,1.2e-10,0.05,4.1e-10
153,M,0.05,1.6E-10,2.3E-10  ,,,,,
154,S,0.05,1.7E-10,2.5E-10  ,,,,,
155,Ag-113m,1.145,m,F,0.05,1.2e-10,1.2e-11,0.05,4.1e-11
156,M,0.05,2.3E-10,1.5E-11  ,,,,,
157,S,0.05,2.5E-10,1.6E-12  ,,,,,
158,Cd-105,55.5,m,F,0.05,1.7e-11,3e-11,0.05,4.4e-11
159,M,0.05,2.4E-11,4.1E-11  ,,,,,
160,S,0.05,2.5E-11,4.2E-11  ,,,,,
161,Cd-111m,48.54,m,F,0.05,1.1e-11,1.9e-11,0.05,1.4e-11
162,M,0.05,2.2E-11,3.6E-11  ,,,,,
163,S,0.05,2.4E-11,3.8E-11  ,,,,,
164,Cd-113m,14.1,y,F,0.05,1.1e-07,1e-07,0.05,2.3e-08
165,M,0.05,5.0E-08,4.1E-08  ,,,,,
166,S,0.05,2.9E-08,2.3E-08  ,,,,,
167,Cd-1118,50.3,m,F,0.05,3.7e-11,6.2e-11,0.05,1.9e-10
168,M,0.05,7.6E-11,1.2E-10  ,,,,,
169,S,0.05,8.1E-11,1.2E-10  ,,,,,
170,In-107,32.4,m,F,0.02,1.5e-11,2.7e-11,0.02,4.1e-11
171,M,0.02,2.5E-11,4.1E-11  ,,,,,
172,In-108,58.0,m,F,0.02,4e-11,7.5e-11,0.02,8.3e-11
173,M,0.02,5.2E-11,9.2E-11  ,,,,,
174,In-108m,39.6,m,F,0.02,2.6e-11,4.7e-11,0.02,8.5e-11
175,M,0.02,3.9E-11,6.5E-11  ,,,,,
176,In-109m,1.34,m,F,0.02,4.4e-13,8e-13,0.02,7.8e-11
177,M,0.02,5.2E-13,9.0E-11  ,,,,,
178,In-111m,7.7,m,F,0.02,1.6e-12,2.9e-11,0.02,3.2e-12
179,M,0.02,2.2E-11,3.0E-11  ,,,,,
180,In-112m,20.56,m,F,0.02,1.1e-11,2e-11,0.02,1.7e-11
181,M,0.02,2.2E-11,3.6E-11,,,,,
182,In-114,1.19833,m,F,0.02,1e-12,2.2e-11,0.02,3e-11
183,M,0.02,1.4E-11,2.4E-11,,,,,
184,In-118m,4.364,m,F,0.02,6e-11,1e-11,0.02,1.3e-11
185,M,0.02,7.2E-11,1.3E-11,,,,,
186,In-119,2.4,m,F,0.02,2.7e-12,4.5e-11,0.02,5.5e-12
187,M,0.02,3.0E-12,5.2E-12,,,,,
188,Sn-108,10.30,m,F,0.02,8.2e-12,1.5e-11,0.02,2.3e-11
189,M,0.02,1.2E-11,2.0E-11,,,,,
190,Sn-109,18.0,m,F,0.02,9.8e-11,1.8e-11,0.02,1.9e-11
191,M,0.02,1.2E-11,2.2E-11,,,,,
192,Sn-113m,21.4,m,F,0.02,2e-12,3e-12,0.02,3.3e-11
193,M,0.02,4.0E-12,5.3E-12,,,,,
194,Sn-125m,9.52,m,F,0.02,7.2e-11,1.2e-11,0.02,2.2e-11
195,M,0.02,1.0E-11,1.7E-11,,,,,
196,Sb-114,3.49,m,F,0.1,4.8e-12,8.2e-12,0.1,1.5e-11
197,M,0.01,5.7E-12,9.5E-12,,,,,
198,Sb-118,3.6,m,F,0.1,3e-12,5.4e-12,0.1,1.1e-11
199,M,0.01,3.9E-1,2,6.5e-12,,,,
200,Sb-122m,4.191,m,F,0.1,1.1e-12,1.6e-12,0.1,3.2e-12
201,M,0.01,2.0E-1,2,2.5e-12,,,,
202,Sb-124m,1.55,m,F,0.1,5.7e-13,9.9e-13,0.1,8.5e-13
203,M,0.01,6.8E-1,3,1.1e-12,,,,
204,Te-117,62,m,F,0.3,2.2e-11,4e-11,0.3,5.4e-11
205,M,0.3,3.3E-1,1,0.55,1.0,,,
206,Te-118,6.00,d,F,0.3,8.9e-10,1.1e-09,0.3,3e-09
207,M,0.3,2.2E-09,2.3E-09,,,,,
208,Te-119,16.03,h,F,0.3,8.2e-11,1.5e-10,0.3,1.8e-10
209,M,0.3,1.0E-10,1.8E-10,,,,,
210,Te-119m,4.70,d,F,0.3,3.6e-10,6e-10,0.3,7.3e-10
211,M,0.3,5.3E-1,0,7.3e-10,,,,
212,I-118,13.7,m,F,1.0,6e-11,8.9e-11,1.0,2e-10
213,I-119,19.1,m,F,1.0,1.6e-11,2.6e-11,1.0,4.6e-11
214,I-122,3.63,m,F,1.0,3e-12,6.2e-12,1.0,1.4e-11
215,Cs-126,1.64,m,F,1.0,2e-12,3.3e-12,1.0,7.6e-12
216,Cs-128,3.62,m,F,1.0,3.2e-12,5.4e-12,1.0,1.1e-11
217,Cs-130m,3.46,m,F,1.0,1.7e-12,2.8e-12,1.0,4.1e-12
218,Cs-139,9.27,m,F,1.0,1.1e-11,1.8e-11,1.0,5.2e-11
219,Ba-124,11.0,m,F,0.1,1.7e-11,2.8e-11,0.1,6.9e-11
220,Ba-127,12.7,m,F,0.1,8.4e-12,1.4e-11,0.1,2.5e-11
221,Ba-129,2.23,h,F,0.1,2.1e-11,3.6e-11,0.1,5.2e-11
222,Ba-129m,2.16,h,F,0.1,4.2e-11,7.6e-11,0.1,7.8e-11
223,Ba-137m,2.552,m,F,0.1,5.8e-13,1e-12,0.1,1e-12
224,La-129,11.6,m,F,0.0005,8.6e-12,1.5e-11,0.0005,2.7e-11
225,M,0.0005,1.0E-11,2.1E-11  ,,,,,
226,La-130,8.7,m,F,0.0005,9.3e-12,1.6e-11,0.0005,3.3e-11
227,M,0.0005,1.2E-11,2.1E-11  ,,,,,
228,La-132m,24.3,m,F,0.0005,1e-11,2.3e-11,0.0005,3.8e-11
229,M,0.0005,2.1E-11,3.4E-11  ,,,,,
230,La-133,3.912,h,F,0.0005,1.5e-11,2.7e-11,0.0005,4.6e-11
231,M,0.0005,2.4E-11,3.7E-11  ,,,,,
232,La-134,6.45,m,F,0.0005,4.5e-12,7.6e-12,0.0005,1.6e-11
233,M,0.0005,5.9E-12,9.8E-12  ,,,,,
234,La-136,9.87,m,F,0.0005,3.2e-12,5.6e-12,0.0005,9.6e-12
235,M,0.0005,4.6E-12,7.6E-12  ,,,,,
236,Ce-130,22.9,m,M,0.0005,3.6e-11,5.8e-11,0.0005,7.2e-11
237,S,0.0005,3.7E-11,6.1E-11  ,,,,,
238,Ce-131,10.2,m,M,0.0005,1.4e-11,2.4e-11,0.0005,2.8e-11
239,S,0.0005,1.5E-11,2.4E-11  ,,,,,
240,Ce-131m,5.0,m,M,0.0005,7.7e-12,1.3e-11,0.0005,1.8e-11
241,S,0.0005,7.9E-11,1.3E-11  ,,,,,
242,Ce-132,3.51,h,M,0.0005,1.4e-10,2.3e-10,0.0005,3.4e-10
243,S,0.0005,1.5E-10,2.3E-10  ,,,,,
244,Ce-133,97,m,M,0.0005,5.1e-11,7.6e-11,0.0005,9.1e-11
245,S,0.0005,5.3E-11,7.9E-11  ,,,,,
246,Ce-133m,4.9,h,M,0.0005,1.3e-11,2.1e-11,0.0005,2.3e-10
247,S,0.0005,1.3E-11,2.2E-10  ,,,,,
248,Ce-146,13.52,m,M,0.0005,2.6e-11,4.2e-11,0.0005,4.7e-11
249,S,0.0005,2.7E-11,4.4E-11  ,,,,,
250,Pr-134,17,m,M,0.0005,3.1e-11,4.8e-11,0.0005,8.1e-11
251,S,0.0005,3.2E-11,5.0E-11  ,,,,,
252,Pr-134m,11,m,M,0.0005,2.1e-11,3e-11,0.0005,4.6e-11
253,S,0.0005,2.1E-11,3.4E-11  ,,,,,
254,Pr-135,24,m,M,0.0005,2.1e-11,3.5e-11,0.0005,4.6e-11
255,S,0.0005,2.2E-11,3.6E-11  ,,,,,
256,Pr-138,1.45,m,M,0.0005,1.7e-11,2.8e-12,0.0005,5.8e-12
257,S,0.0005,1.8E-11,2.9E-11  ,,,,,
258,Pr-140,3.39,m,M,0.0005,2.5e-11,4.2e-12,0.0005,6.4e-12
259,S,0.0005,2.6E-11,4.3E-12  ,,,,,
260,Pr-144m,7.2,m,M,0.0005,7.5e-11,1.1e-11,0.0005,2e-11
261,S,0.0005,7.9E-11,1.2E-11  ,,,,,
262,Pr-146,24.15,m,M,0.0005,3e-11,4.8e-11,0.0005,7.8e-11
263,S,0.0005,3.1E-11,4.9E-11  ,,,,,
264,Nd-135,12.4,m,M,0.0005,2.7e-11,4.4e-11,0.0005,6e-11
265,S,0.0005,2.8E-11,1.4E-11,,,,,
266,Nd-137,38.5,m,M,0.0005,3e-11,1.4e-11,0.0005,5.9e-11
267,S,0.0005,3.1E-11,1.5E-11,,,,,
268,Nd-140,3.37,d,M,0.0005,1.1e-09,1e-09,0.0005,2e-09
269,S,0.0005,1.1E-09,1.3E-09,,,,,
270,Nd-141m,1.03333,m,M,0.0005,3e-13,5.5e-13,0.0005,5.1e-13
271,S,0.0005,3.0E-13,5.6E-13,,,,,
272,Nd-144,2.29E+01,y,M,0.0005,7.4e-06,5e-06,0.0005,4.1e-08
273,S,0.0005,3.2E-06,1.6E-06,,,,,
274,Nd-152,11.4,m,M,0.0005,2.4e-11,1.3e-11,0.0005,4.9e-11
275,S,0.0005,2.5E-11,1.4E-11,,,,,
276,Pm-138,3.24,m,M,0.0005,7.9e-12,1.3e-11,0.0005,2.3e-11
277,S,0.0005,8.1E-12,1.3E-11,,,,,
278,Pm-139,4.15,m,M,0.0005,6.2e-12,1e-11,0.0005,1.8e-11
279,S,0.0005,6.4E-12,1.0E-11,,,,,
280,Pm-140m,5.95,m,M,0.0005,1.1e-11,1.8e-11,0.0005,2.6e-11
281,S,0.0005,1.1E-11,1.8E-11,,,,,
282,Pm-152,4.12,m,M,0.0005,5.9e-12,9.7e-12,0.0005,1.7e-11
283,S,0.0005,6.1E-12,9.9E-12,,,,,
284,Sm-140,14.82,m,M,0.0005,3e-11,5.2e-11,0.0005,9.8e-11
285,Sm-143,8.83,m,M,0.0005,5.6e-12,9.2e-12,0.0005,1.4e-11
286,Sm-143m,1.1,m,M,0.0005,9.9e-12,1.7e-12,0.0005,2.2e-12
287,Sm-148,7.0E+15,y,M,0.0005,7.7e-06,5.2e-06,0.0005,4.3e-08
288,Eu-143,2.59,m,M,0.0005,5e-12,8e-12,0.0005,1.6e-12
289,Eu-152n,96,m,M,0.0005,8.4e-12,1.1e-11,0.0005,1.4e-11
290,Eu-154m,46.0,m,M,0.0005,4.3e-12,5.8e-12,0.0005,9.1e-12
291,Eu-159,18.1,m,M,0.0005,2.4e-11,3.6e-11,0.0005,4.9e-11
292,Gd-145m,1.41666,m,F,0.0005,1.3e-12,2.2e-12,0.0005,3.2e-12
293,M,0.0005,1.6E-12,2.7E-12,,,,,
294,Gd-150,1.79E+06,y,F,0.0005,2.4e-05,2.8e-05,0.0005,5.2e-08
295,M,0.0005,9.8E-06,6.6E-06,,,,,
296,Tb-147m,1.87,m,M,0.0005,1.8e-12,3e-12,0.0005,3.5e-12
297,Tb-148,60,m,M,0.0005,7.1e-11,1e-10,0.0005,1.3e-10
298,Tb-148m,2.20,m,M,0.0005,3e-12,4.8e-12,0.0005,4.5e-12
299,Tb-149m,4.16,m,M,0.0005,3.1e-12,5.2e-12,0.0005,4.9e-12
300,Tb-150m,5.8,m,M,0.0005,4.7e-12,8.5e-12,0.0005,7.1e-12
301,Tb-152,17.5,h,M,0.0005,3.1e-10,5e-10,0.0005,7.1e-10
302,Tb-152m,4.2,m,M,0.0005,5.9e-12,1e-11,0.0005,5.3e-12
303,Tb-162,7.60,m,M,0.0005,1e-11,1.7e-11,0.0005,1.4e-11
304,Tb-163,19.5,m,M,0.0005,1.8e-11,2.9e-11,0.0005,2.2e-11
305,Tb-164,3.0,m,M,0.0005,6.1e-12,1e-11,0.0005,9.3e-12
306,Tb-165,2.1,m,M,0.0005,5.4e-12,8.9e-12,0.0005,8.7e-12
307,Dy-149,4.20,m,M,0.0005,6.3e-11,4.8e-11,0.0005,6.9e-12
308,Dy-150,7.17,m,M,0.0005,3.2e-10,2.5e-10,0.0005,1.2e-11
309,Dy-151,17.9,m,M,0.0005,1.2e-10,9.3e-11,0.0005,2e-11
310,Dy-152,2.38,h,M,0.0005,6e-11,8.8e-11,0.0005,1.1e-10
311,Dy-153,6.4,h,M,0.0005,1.3e-10,1.8e-10,0.0005,1.9e-10
312,Dy-154,3.0E+6,y,M,0.0005,1.1e-05,7.1e-06,0.0005,5.6e-08
313,Dy-165m,1.257,m,M,0.0005,1.8e-12,2.9e-12,0.0005,1e-12
314,Dy-167,6.20,m,M,0.0005,1.1e-11,1.8e-11,0.0005,1.7e-11
315,Dy-168,8.7,m,M,0.0005,2.3e-11,3.8e-11,0.0005,3.3e-11
316,Ho-152,2.69666,m,M,0.0005,4.5e-11,7e-11,0.0005,9.6e-12
317,Ho-153,2.02,m,M,0.0005,2.8e-12,4.4e-12,0.0005,5.3e-12
318,Ho-153m,9.3,m,M,0.0005,1.6e-11,2.4e-11,0.0005,2.5e-11
319,Ho-154,11.76,m,M,0.0005,1.6e-11,2.7e-11,0.0005,4.1e-11
320,Ho-154m,3.10,m,M,0.0005,4.8e-12,8.3e-12,0.0005,9e-12
321,Ho-156,56,m,M,0.0005,8.3e-12,9.1e-12,0.0005,9e-12
322,Ho-158,11.3,m,M,0.0005,8.2e-12,1.4e-12,0.0005,8.9e-12
323,Ho-160,25.6,m,M,0.0005,1.4e-11,2.4e-11,0.0005,1.7e-11
324,Ho-163,4570,y,M,0.0005,2.4e-11,1.7e-10,0.0005,6.8e-12
325,Ho-168,2.99,m,M,0.0005,4.5e-12,7.6e-12,0.0005,8.4e-12
326,Ho-168m,2.2,m,M,0.0005,3e-12,5.4e-12,0.0005,6.2e-12
327,Ho-170,2.76,m,M,0.0005,5.4e-12,9.2e-12,0.0005,8.7e-12
328,Er-155,5.3,m,M,0.0005,7.4e-12,1.2e-11,0.0005,1.4e-11
329,Er-156,19.5,m,M,0.0005,2e-11,3e-11,0.0005,3.8e-11
330,Er-159,36,m,M,0.0005,1.8e-11,3e-11,0.0005,2.4e-11
331,Er-163,75.0,m,M,0.0005,1e-12,2.2e-12,0.0005,2.7e-12
332,Tm-159,9.13,m,M,0.0005,1.1e-11,8e-11,0.0005,2.1e-11
333,Tm-163,1.810,h,M,0.0005,3.8e-11,6.3e-11,0.0005,5.6e-11
334,Tm-164,2.0,m,M,0.0005,1.7e-12,2.8e-12,0.0005,4.1e-12
335,Tm-165,30.06,h,M,0.0005,2.2e-10,3.1e-10,0.0005,3.6e-10
336,Tm-168,93.1,d,M,0.0005,4.3e-09,3.5e-09,0.0005,1e-09
337,Yb-163,11.05,m,M,0.0005,8.5e-12,1.4e-11,0.0005,1.6e-11
338,S,0.0005,8.8E-1,2,1.0,0.5,1.0,,
339,Yb-164,75.8,m,M,0.0005,4.2e-11,6.5e-11,0.0005,9.1e-11
340,S,0.0005,4.4E-11,6.7E-11,,,,,
341,Yb-165,9.9,m,M,0.0005,4.9e-12,7.3e-12,0.0005,7.5e-12
342,S,0.0005,5.1E-12,7.6E-12,,,,,
343,Lu-164,3.14,m,M,0.0005,7.3e-12,1.2e-11,0.0005,2.1e-11
344,S,0.0005,7.5E-12,1.2E-11,,,,,
345,Lu-165,10.74,m,M,0.0005,1.4e-11,2.2e-11,0.0005,2.3e-11
346,S,0.0005,1.5E-11,2.3E-11,,,,,
347,Lu-166,2.65,m,M,0.0005,5.1e-12,8.6e-12,0.0005,6.8e-12
348,S,0.0005,5.2E-12,8.8E-12,,,,,
349,Lu-166m,1.41,m,M,0.0005,2.6e-12,4.3e-12,0.0005,4.5e-12
350,S,0.0005,2.7E-12,4.4E-12,,,,,
351,Lu-167,51.5,m,M,0.0005,3.8e-11,5.7e-11,0.0005,5e-11
352,S,0.0005,4.OE-11,6.OE-11,,,,,
353,Lu-168m,6.7,m,M,0.0005,7.3e-12,7.3e-12,0.0005,9.1e-12
354,S,0.0005,7.5E-12,7.5E-12,,,,,
355,Lu-169m,2.67,m,M,0.0005,5.7e-13,7.6e-13,0.0005,9.6e-13
356,S,0.0005,6.1E-13,7.9E-13,,,,,
357,Lu-171m,1.32,m,M,0.0005,3.7e-13,4.5e-13,0.0005,3.8e-13
358,S,0.0005,3.8E-13,4.6E-13,,,,,
359,Lu-172m,3.7,m,M,0.0005,7.1e-13,7.8e-13,0.0005,9.8e-13
360,S,0.0005,7.6E-13,8.2E-13,,,,,
361,Hf-167,2.05,m,F,0.002,2e-12,3.4e-12,0.002,5.5e-12
362,M,0.002,2.8E-12,4.5E-12,,,,,
363,Hf-169,3.24,m,F,0.002,1.4e-12,2.3e-12,0.002,2.9e-12
364,M,0.002,1.8E-12,2.8E-12,,,,,
365,Hf-174,20.5,y,F,0.002,3e-05,3.6e-05,0.002,2.5e-07
366,M,0.002,1.2E-05,8.2E-06,,,,,
367,Ta-170,6.76,m,M,0.001,1.4e-11,2.2e-11,0.001,3.6e-11
368,S,0.001,1.5E-11,2.3E-11,,,,,
369,Ta-178,9.31,m,M,0.001,1.7e-12,2.7e-12,0.001,1.5e-12
370,S,0.001,1.7E-12,2.8E-12,,,,,
371,W-179m,6.40,m,F,0.3,5.1e-12,9e-12,0.3,3.9e-12
372,W-179m,6.40,m,F,0.3,5.1e-12,9e-12,0.01,3.9e-12
373,W-185m,1.597,m,F,0.3,1.9e-12,3.1e-12,0.3,9.3e-13
374,W-185m,1.597,m,F,0.3,1.9e-12,3.1e-12,0.01,9.3e-13
375,W-190,30.0,m,F,0.3,3.8e-12,6.6e-12,0.3,8.5e-12
376,W-190,30.0,m,F,0.3,3.8e-12,6.6e-12,0.01,8.6e-11
377,Re-179,19.5,m,F,0.8,8.8e-12,1.5e-12,0.8,1.6e-11
378,Re-179,19.5,m,M,0.8,1.3e-11,2.1e-11,,
379,Re-180,2.44,m,F,0.8,2.1e-12,3.6e-12,0.8,2.4e-12
380,Re-180,2.44,m,M,0.8,2.4e-12,4.1e-12,,
381,Re-183,70.0,d,F,0.8,3.8e-10,5.4e-10,0.8,9.5e-10
382,Re-183,70.0,d,M,0.8,2.6e-09,2.3e-09,,
383,Re-190,3.1,m,F,0.8,4.6e-12,7.9e-12,0.8,8e-12
384,Re-190,3.1,m,M,0.8,5.4e-12,9.3e-12,,
385,Os-177,2.8,m,F,0.01,3.5e-12,5.9e-12,0.01,1e-11
386,Os-177,2.8,m,M,0.01,4.9e-12,7.9e-12,,
387,Os-177,2.8,m,S,0.01,5.1e-12,8.1e-12,,
388,Os-179,6.5,m,F,0.01,1.4e-11,2.2e-11,0.01,6.4e-11
389,Os-179,6.5,m,M,0.01,1.9e-11,2.9e-11,,
390,Os-179,6.5,m,S,0.01,1.9e-11,3e-11,,
391,Os-183,13.0,h,F,0.01,8.2e-11,1.4e-10,0.01,2.3e-10
392,Os-183,13.0,h,M,0.01,1.7e-10,2.4e-10,,
393,Os-183,13.0,h,S,0.01,1.9e-10,2.5e-10,,
394,Os-183m,9.9,h,F,0.01,8.6e-11,1.5e-10,0.01,2.1e-10
395,Os-183m,9.9,h,M,0.01,1.4e-10,2.2e-10,,
396,Os-183m,9.9,h,S,0.01,1.5e-10,2.2e-10,,
397,Os-186,20.5,y,F,0.01,7.2e-07,8.5e-07,0.01,3.2e-08
398,Os-186,20.5,y,M,0.01,1.1e-06,6.8e-07,,
399,Os-186,20.5,y,S,0.01,3.8e-06,2.3e-06,,
400,Os-190m,9.9,m,F,0.01,5.6e-12,1e-11,0.01,8.4e-12
401,M,0.01,7.3E-12,1.3E-11,,,,,
402,S,0.01,7.5E-12,1.3E-11,,,,,
403,Os-196,34.9,m,F,0.01,2.9e-11,4.9e-11,0.01,1.2e-10
404,M,0.01,5.5E-11,8.7E-11,,,,,
405,S,0.01,5.8E-11,9.1E-11,,,,,
406,Ir-179,1.31666,m,F,0.01,4.1e-12,6.7e-12,0.01,1.7e-11
407,M,0.01,5.3E-12,8.4E-12,,,,,
408,S,0.01,5.4E-12,8.6E-12,,,,,
409,Ir-180,1.5,m,F,0.01,2e-12,3.5e-12,0.01,2.5e-12
410,M,0.01,2.6E-12,4.4E-12,,,,,
411,S,0.01,2.6E-12,4.5E-12,,,,,
412,Ir-181,4.90,m,F,0.01,4.7e-12,8e-12,0.01,1.2e-11
413,M,0.01,6.7E-12,1.1E-11,,,,,
414,S,0.01,6.9E-12,1.1E-11,,,,,
415,Ir-183,58,m,F,0.01,2.3e-11,4.2e-11,0.01,5.5e-11
416,M,0.01,3.9E-11,6.2E-11,,,,,
417,S,0.01,4.1E-11,6.4E-11,,,,,
418,Ir-196m,1.40,h,F,0.01,5.4e-11,9.7e-11,0.01,1.3e-10
419,M,0.01,9.5E-11,1.5E-10,,,,,
420,S,0.01,9.9E-11,1.6E-10,,,,,
421,Pt-183,6.5,m,F,0.01,7.6e-12,1.3e-11,0.01,1.8e-11
422,Pt-184,17.3,m,F,0.01,1.5e-11,2.6e-11,0.01,3e-11
423,Pt-187,2.35,h,F,0.01,3.3e-11,6e-11,0.01,8.8e-11
424,Pt-190,6.5E+1,y,F,0.01,1.1e-07,1e-07,0.01,6.8e-09
425,Pt-202,44,h,F,0.01,8.6e-10,1.4e-09,0.01,4.5e-09
426,Au-186,10.7,m,F,0.1,1.4e-11,2.5e-11,0.1,4.6e-11
427,M,0.1,2.1E-11,3.4E-11,,,,,
428,S,0.1,2.2E-11,3.5E-11,,,,,
429,Au-187,8.4,m,F,0.1,4.8e-12,8.6e-12,0.1,1.1e-11
430,M,0.1,7.8E-12,1.2E-11,,,,,
431,S,0.1,8.1E-12,1.3E-11,,,,,
432,Au-188,8.84,m,F,0.1,6.8e-12,1.2e-11,0.1,2.1e-11
433,M,0.1,9.8E-12,1.6E-11,,,,,
434,S,0.1,1.0E-11,1.6E-11,,,,,
435,Au-189m,4.59,m,F,0.1,2.6e-12,4.5e-12,0.1,3.6e-12
436,M,0.1,3.9E-12,6.2E-12,,,,,
437,S,0.1,4.0E-12,6.4E-12,,,,,
438,Au-190,42.8,mn,F,0.1,1.9e-11,3.4e-11,0.1,4.7e-11
439,M,0.1,2.6E-11,4.5E-11,,,,,
440,S,0.1,2.7E-11,4.6E-11,,,,,
441,Au-191,3.18,h,F,0.1,2.9e-11,5.4e-11,0.1,7.7e-11
442,M,0.1,6.4E-11,9.2E-11,,,,,
443,S,0.1,6.9E-11,9.7E-11,,,,,
444,Au-192,4.94,h,F,0.1,7.2e-11,1.4e-10,0.1,1.8e-10
445,M,0.1,9.8E-11,1.7E-10,,,,,
446,S,0.1,1.0E-10,1.7E-10,,,,,
447,Au-196,6.183,d,F,0.1,1.5e-10,2.7e-10,0.1,5.3e-10
448,M,0.1,6.0E-10,6.7E-10,,,,,
449,S,0.1,6.7E-10,7.3E-10,,,,,
450,Au-196m,9.6,h,F,0.1,1.2e-10,2e-10,0.1,4.1e-10
451,M,0.1,4.2E-10,5.7E-10,,,,,
452,S,0.1,4.6E-10,6.1E-10,,,,,
453,Hg-187,2.2,m,F,0.02,3.8e-12,6.4e-12,0.02,7.2e-12
454,(inorganic),M,0.02,4.5E-12,7.6e-12,,,,
455,Hg-187,2.2,m,F,0.4,3.8e-12,6.4e-12,1.0,7.1e-12
456,(organic),0.4,7.2E-12,,,,,,
457,Hg-187m,2.4,m,F,0.02,4.3e-12,7.4e-12,0.02,7.3e-12
458,(inorganic),M,0.02,5.2E-12,8.8e-12,,,,
459,Hg-187m,2.4,m,F,0.4,4.3e-12,7.4e-12,1.0,7.3e-12
460,(organic),0.4,7.3E-12,,,,,,
461,Hg-188,3.25,m,F,0.02,3.1e-12,5.2e-12,0.02,8.2e-12
462,(inorganic),M,0.02,4.4E-12,7.1e-12,,,,
463,Hg-188,3.25,m,F,0.4,3.1e-12,5.3e-12,1.0,8.4e-12
464,(organic),0.4,8.4E-12,,,,,,
465,Hg-190,20.0,m,F,0.02,9.9e-12,1.8e-12,0.02,2.5e-12
466,(inorganic),M,0.02,1.5E-12,2.5e-12,,,,
467,Hg-190,20.0,m,F,0.4,9.8e-12,1.8e-12,1.0,1.8e-12
468,(organic),0.4,2.4E-12,,,,,,
469,Hg-191,50.8,m,F,0.02,2.4e-12,4.5e-12,0.02,5.5e-12
470,(inorganic),M,0.02,4.3E-12,6.8e-12,,,,
471,Hg-191,50.8,m,F,0.4,2.4e-12,4.4e-12,1.0,3.4e-12
472,(organic),0.4,5.0E-12,,,,,,
473,Hg-192,4.85,h,F,0.02,8e-12,1.5e-12,0.02,2.3e-12
474,(inorganic),M,0.02,1.0E-12,2.1e-12,,,,
475,Hg-192,4.85,h,F,0.4,7.3e-12,1.4e-12,1.0,7.2e-12
476,(organic),0.4,1.8E-12,,,,,,
477,Hg-205,5.2,m,F,0.02,3.9e-12,6.6e-12,0.02,8.3e-12
478,(inorganic),M,0.02,5.2E-12,8.7e-12,,,,
479,Hg-205,5.2,m,F,0.4,3.9e-12,6.7e-12,1.0,8.4e-12
480,(organic),0.4,8.3E-12,,,,,,
481,Hg-206,8.15,m,F,0.02,9.4e-12,1.6e-12,0.02,2.1e-12
482,(inorganic),M,0.02,1.5E-12,2.4e-12,,,,
483,Hg-206,8.15,m,F,0.4,9.5e-12,1.6e-12,1.0,2.1e-12
484,(organic),0.4,2.1E-12,,,,,,
485,Tl-190,2.6,m,F,1.0,4e-12,6.7e-12,1.0,1.5e-11
486,Tl-190m,3.7,m,F,1.0,5.3e-12,9.3e-12,1.0,1.4e-11
487,Tl-196,1.84,h,F,1.0,3.1e-11,5.7e-11,1.0,5.4e-11
488,Tl-206,4.199,m,F,1.0,3.4e-12,5.7e-12,1.0,6.9e-12
489,Tl-206m,3.74,m,F,1.0,6.5e-12,6.5e-12,1.0,1.1e-11
490,Tl-207,4.77,m,F,1.0,3.6e-12,1e-12,1.0,7.1e-12
491,Tl-208,3.053,m,F,1.0,4.8e-12,8.4e-12,1.0,8.6e-12
492,Tl-209,2.161,m,F,1.0,3.4e-12,5.8e-12,1.0,6.4e-12
493,Tl-210,1.30,m,F,1.0,2.8e-12,4.8e-12,1.0,6.5e-12
494,Pb-194,12.0,m,F,0.2,8.6e-12,1.5e-11,0.2,2e-11
495,Pb-196,37,m,F,0.2,1.7e-11,3.1e-11,0.2,2.8e-11
496,Pb-197,8,m,F,0.2,3e-12,6.8e-12,0.2,6.6e-12
497,Pb-197m,43,m,F,0.2,2.6e-11,4.6e-11,0.2,4.5e-11
498,Pb-204m,67.2,m,F,0.2,2.3e-11,4.4e-11,0.2,5e-11
499,Bi-197,9.33,m,F,0.05,1e-11,1.8e-11,0.05,2.4e-11
500,M,0.05,1.5E-11,2.5E-11,,,,,
501,Bi-204,11.22,h,F,0.05,2.7e-10,4.8e-10,0.05,6.1e-10
502,M,0.05,3.5E-1,0,5.8e-10,,,,
503,Bi-208,3.68E+5,y,F,0.05,5.9e-10,9.6e-10,0.05,1.2e-09
504,M,0.05,4.4E-09,2.9E-09,,,,,
505,Bi-211,2.14,m,F,0.05,1e-09,1.5e-09,0.05,1.2e-11
506,M,0.05,1.2E-09,1.8E-09,,,,,
507,Bi-215,7.6,m,F,0.05,4.8e-09,7.6e-09,0.05,8e-11
508,M,0.05,8.6E-09,1.3E-08,,,,,
509,Po-204,3.53,h,F,0.1,1.4e-10,1.4e-10,0.1,3.1e-10
510,M,0.1,3.8E-10,3.8E-10,,,,,
511,Po-206,8.8,d,F,0.1,8.3e-09,1e-08,0.1,4.6e-09
512,M,0.1,5.2E-08,3.9E-08,,,,,
513,Po-208,2.898,y,F,0.1,7.6e-07,9.1e-07,0.1,3.1e-07
514,M,0.1,3.5E-06,2.6E-06,,,,,
515,Po-209,102,y,F,0.1,7.6e-07,9.1e-07,0.1,3e-07
516,M,0.1,3.4E-06,2.5E-06,,,,,
517,Po-218,3.10,m,F,0.1,9.6e-10,1.3e-09,0.1,2.8e-11
518,M,0.1,2.2E-09,2.9E-09,,,,,
519,At-205,26.2,m,F,1.0,2.2e-10,2.9e-10,1.0,7.7e-11
520,M,1,6.2E-10,6.7E-10,,,,,
521,At-208,1.63,h,F,1.0,7.1e-11,1.2e-10,1.0,9.4e-11
522,M,1,3.8E-1,0,3.7e-10,,,,
523,At-209,5.41,h,F,1.0,8.9e-10,1.3e-09,1.0,1.9e-09
524,M,1,2.8E-09,2.7E-09,,,,,
525,At-210,8.1,h,F,1.0,3e-09,5.1e-09,1.0,9.8e-09
526,M,1,9.8E-09,9.6E-09,,,,,
527,Fr-212,20.0,m,F,1.0,2.1e-09,2.8e-09,1.0,7.1e-10
528,Fr-221,4.9,m,F,1.0,5.1e-09,7.7e-09,1.0,1.7e-10
529,Ra-230,93,m,M,0.2,1.1e-10,1.7e-10,0.2,1.9e-10
530,Ac-223,2.10,m,F,0.0005,6e-09,9.5e-09,0.0005,4.1e-11
531,M,0.0005,7.1E-09,1.0E-08,,,,,
532,S,0.0005,7.2E-09,1.1E-08,,,,,
533,Ac-229,62.7,m,F,0.0005,2.6e-11,3.8e-11,0.0005,4.4e-11
534,M,0.0005,3.6E-11,5.3E-11,,,,,
535,S,0.0005,3.5E-11,5.4E-11,,,,,
536,Ac-230,2.03333,m,F,0.0005,2.4e-12,4e-12,0.0005,5.7e-12
537,M,0.0005,2.7E-12,4.5E-12,,,,,
538,S,0.0005,2.7E-12,4.6E-12,,,,,
539,Th-233,22.3,m,M,0.0005,1.8e-11,2.7e-11,0.0005,2.2e-11
540,S,0.0002,1.9E-11,2.9E-11,0.0002,2.2e-11,,,
541,Pa-229,1.50,d,M,0.0005,5.9e-09,4.8e-09,0.0005,2.2e-10
542,S,0.0005,6.7E-09,5.5E-09,,,,,
543,Pa-234m,1.17,m,M,0.0005,1.4e-12,2.4e-12,0.0005,3.1e-12
544,S,0.0005,1.4E-12,2.4E-12,,,,,
545,Pa-236,9.1,m,M,0.0005,1.2e-11,2e-11,0.0005,2.3e-11
546,S,0.0005,1.3E-11,2.1E-11,,,,,
547,U-228,9.1,m,F,0.02,2.4e-08,3.8e-08,0.02,1.9e-10
548,M,0.02,3.7E-08,5.7E-08,0.002,1.9e-10,,,
549,S,0.002,3.8E-08,5.9E-08,,,,,
550,Np-231,48.8,m,M,0.0005,1.6e-09,1.7e-09,0.0005,2.9e-11
551,Np-240m,7.22,m,M,0.0005,1.7e-09,1.3e-11,0.0005,2.9e-11
552,Np-241,13.9,m,M,0.0005,1.4e-11,2.2e-11,0.0005,1.8e-11
553,Pu-232,34.1,m,M,0.0005,1.8e-08,2.4e-08,0.0005,2.9e-10
554,S,0.00001,1.9E-08,2.5E-08,1e-05,2.8e-10,,,
555,S,0.00001,1.9E-08,2.5E-08,0.0001,1.3e-10,,,
556,Am-247,23.0,m,M,0.0005,2.7e-11,4.4e-11,0.0005,3.1e-11
557,Cm-239,2.9,h,M,0.0005,6.4e-11,8.8e-11,0.0005,8.2e-11
558,Bk-244,4.35,h,M,0.0005,1e-09,1e-09,0.0005,6.9e-10
559,Bk-248m,23.7,h,M,0.0005,1.5e-08,1.2e-08,0.0005,3e-09
560,Bk-251,55.6,m,M,0.0005,4.3e-11,6.4e-11,0.0005,4.4e-11
561,Cf-247,3.1,h,M,0.0005,4.2e-11,4.9e-11,0.0005,2.9e-11
562,Cf-255,85,m,M,0.0005,5.4e-09,4.5e-09,0.0005,4e-11
563,Cf-256,12.3,m,M,0.0005,2.1e-06,4e-06,0.0005,3e-09
564,Es-249,102.2,m,M,0.0005,2.2e-10,2.7e-10,0.0005,2.2e-11
565,Es-255,39.8,d,M,0.0005,3.6e-06,2.9e-06,0.0005,6e-09
566,Es-256,25.4,m,M,0.0005,2.1e-07,3.4e-07,0.0005,4.1e-09
567,Fm-251,5.30,h,M,0.0005,1.7e-09,1.8e-09,0.0005,7.2e-11
568,Fm-256,157.6,m,M,0.0005,3.9e-06,7e-06,0.0005,2.6e-08
